variant_id	batch_id	category	category_group	topic_id	editorial_role	semantic_group	output_mode	trigger	required_context	tone	interrupt_cost	cooldown_hours	semantic_cooldown_hours	max_per_day	weight	relationship_profile	text	review_status
authored.b043.daily_care.desk_surface_reset.0001	b043	DailyCare	daily_care	daily_care.b043.desk_surface_reset	desk_surface_reset	daily_care.b043.desk_surface_reset	ambient	any	none	calm	0	120	144	1	1.0	neutral	桌垫上只留下当前要用的东西，思绪会有更明确的落点。	approved
authored.b043.daily_care.desk_surface_reset.0002	b043	DailyCare	daily_care	daily_care.b043.desk_surface_reset	desk_surface_reset	daily_care.b043.desk_surface_reset	ambient	any	none	calm	0	120	144	1	1.0	neutral	把散开的线头收进小盒，桌边会少一层无声的牵扯。	approved
authored.b043.daily_care.desk_surface_reset.0003	b043	DailyCare	daily_care	daily_care.b043.desk_surface_reset	desk_surface_reset	daily_care.b043.desk_surface_reset	ambient	any	none	calm	0	120	144	1	1.0	neutral	杯垫擦干净以后，桌面像重新有了呼吸。	approved
authored.b043.daily_care.desk_surface_reset.0004	b043	DailyCare	daily_care	daily_care.b043.desk_surface_reset	desk_surface_reset	daily_care.b043.desk_surface_reset	ambient	any	none	calm	0	120	144	1	1.0	neutral	把不再需要的纸张叠到一旁，眼前的空间会宽一点。	approved
authored.b043.daily_care.desk_surface_reset.0005	b043	DailyCare	daily_care	daily_care.b043.desk_surface_reset	desk_surface_reset	daily_care.b043.desk_surface_reset	ambient	any	none	calm	0	120	144	1	1.0	neutral	常用笔回到固定位置，下一次记录就不必翻找。	approved
authored.b043.daily_care.desk_surface_reset.0006	b043	DailyCare	daily_care	daily_care.b043.desk_surface_reset	desk_surface_reset	daily_care.b043.desk_surface_reset	ambient	any	none	calm	0	120	144	1	1.0	neutral	键帽缝里的小灰尘扫开，手指落下时会更轻快。	approved
authored.b043.daily_care.desk_surface_reset.0007	b043	DailyCare	daily_care	daily_care.b043.desk_surface_reset	desk_surface_reset	daily_care.b043.desk_surface_reset	ambient	any	none	calm	0	120	144	1	1.0	neutral	给桌角留一块没有用途的空地，目光也能歇一会儿。	approved
authored.b043.daily_care.desk_surface_reset.0008	b043	DailyCare	daily_care	daily_care.b043.desk_surface_reset	desk_surface_reset	daily_care.b043.desk_surface_reset	ambient	any	none	calm	0	120	144	1	1.0	neutral	把充电线沿边理顺，杂乱感会从视野里退后。	approved
authored.b043.daily_care.desk_surface_reset.0009	b043	DailyCare	daily_care	daily_care.b043.desk_surface_reset	desk_surface_reset	daily_care.b043.desk_surface_reset	ambient	any	none	calm	0	120	144	1	1.0	neutral	一盏小台灯摆正，夜里的工作区会更温柔。	approved
authored.b043.daily_care.desk_surface_reset.0010	b043	DailyCare	daily_care	daily_care.b043.desk_surface_reset	desk_surface_reset	daily_care.b043.desk_surface_reset	ambient	any	none	calm	0	120	144	1	1.0	neutral	桌面上的物品各有归处，开始做事也会少些犹豫。	approved
authored.b043.daily_care.desk_surface_reset.0011	b043	DailyCare	daily_care	daily_care.b043.desk_surface_reset	desk_surface_reset	daily_care.b043.desk_surface_reset	ambient	any	none	calm	0	120	144	1	1.0	neutral	贴纸和票据分开收，零碎的记忆就不必挤在一起。	approved
authored.b043.daily_care.desk_surface_reset.0012	b043	DailyCare	daily_care	daily_care.b043.desk_surface_reset	desk_surface_reset	daily_care.b043.desk_surface_reset	ambient	any	none	calm	0	120	144	1	1.0	neutral	擦掉杯沿留下的水痕，桌边会显得更清爽。	approved
authored.b043.daily_care.desk_surface_reset.0013	b043	DailyCare	daily_care	daily_care.b043.desk_surface_reset	desk_surface_reset	daily_care.b043.desk_surface_reset	ambient	any	none	calm	0	120	144	1	1.0	neutral	把最常用的工具放近一点，动作会比思考更顺。	approved
authored.b043.daily_care.desk_surface_reset.0014	b043	DailyCare	daily_care	daily_care.b043.desk_surface_reset	desk_surface_reset	daily_care.b043.desk_surface_reset	ambient	any	none	calm	0	120	144	1	1.0	neutral	给收纳盒留个标签，抽开时就少一次猜谜。	approved
authored.b043.daily_care.desk_surface_reset.0015	b043	DailyCare	daily_care	daily_care.b043.desk_surface_reset	desk_surface_reset	daily_care.b043.desk_surface_reset	ambient	any	none	calm	0	120	144	1	1.0	neutral	纸巾、耳机和笔各占一个小角落，台面会更安静。	approved
authored.b043.daily_care.desk_surface_reset.0016	b043	DailyCare	daily_care	daily_care.b043.desk_surface_reset	desk_surface_reset	daily_care.b043.desk_surface_reset	ambient	any	none	calm	0	120	144	1	1.0	neutral	把临时物件放入托盘，忙乱不会四处扩散。	approved
authored.b043.daily_care.desk_surface_reset.0017	b043	DailyCare	daily_care	daily_care.b043.desk_surface_reset	desk_surface_reset	daily_care.b043.desk_surface_reset	ambient	any	none	calm	0	120	144	1	1.0	neutral	桌面少一点高低起伏，视线扫过去会更平和。	approved
authored.b043.daily_care.desk_surface_reset.0018	b043	DailyCare	daily_care	daily_care.b043.desk_surface_reset	desk_surface_reset	daily_care.b043.desk_surface_reset	ambient	any	none	calm	0	120	144	1	1.0	neutral	从键盘旁挪走多余饰品，输入时就多一份利落。	approved
authored.b043.daily_care.desk_surface_reset.0019	b043	DailyCare	daily_care	daily_care.b043.desk_surface_reset	desk_surface_reset	daily_care.b043.desk_surface_reset	ambient	any	none	calm	0	120	144	1	1.0	neutral	清出鼠标可移动的轨道，手腕也会更自由。	approved
authored.b043.daily_care.desk_surface_reset.0020	b043	DailyCare	daily_care	daily_care.b043.desk_surface_reset	desk_surface_reset	daily_care.b043.desk_surface_reset	ambient	any	none	calm	0	120	144	1	1.0	neutral	把收据夹进文件袋，日常琐碎就有了去处。	approved
authored.b043.daily_care.desk_surface_reset.0021	b043	DailyCare	daily_care	daily_care.b043.desk_surface_reset	desk_surface_reset	daily_care.b043.desk_surface_reset	ambient	any	none	calm	0	120	144	1	1.0	neutral	一块干净的抹布放近手边，随时整理也不显得麻烦。	approved
authored.b043.daily_care.desk_surface_reset.0022	b043	DailyCare	daily_care	daily_care.b043.desk_surface_reset	desk_surface_reset	daily_care.b043.desk_surface_reset	ambient	any	none	calm	0	120	144	1	1.0	neutral	把零散硬币放进小碟，桌上的叮当声会少一些。	approved
authored.b043.daily_care.desk_surface_reset.0023	b043	DailyCare	daily_care	daily_care.b043.desk_surface_reset	desk_surface_reset	daily_care.b043.desk_surface_reset	ambient	any	none	calm	0	120	144	1	1.0	neutral	灯下的影子不再杂乱，工作区就像换了层空气。	approved
authored.b043.daily_care.desk_surface_reset.0024	b043	DailyCare	daily_care	daily_care.b043.desk_surface_reset	desk_surface_reset	daily_care.b043.desk_surface_reset	ambient	any	none	calm	0	120	144	1	1.0	neutral	摆回一把顺手的椅子，桌前的姿态会自然一些。	approved
authored.b043.daily_care.desk_surface_reset.0025	b043	DailyCare	daily_care	daily_care.b043.desk_surface_reset	desk_surface_reset	daily_care.b043.desk_surface_reset	ambient	any	none	calm	0	120	144	1	1.0	neutral	整理台面不是任务，是替下一段专注铺一张平整的纸。	approved
authored.b043.daily_care.digital_inbox_calm.0001	b043	DailyCare	daily_care	daily_care.b043.digital_inbox_calm	digital_inbox_calm	daily_care.b043.digital_inbox_calm	ambient	any	none	calm	0	120	144	1	1.0	neutral	给截图设一个短暂落脚点，文件不必在桌面上流浪。	approved
authored.b043.daily_care.digital_inbox_calm.0002	b043	DailyCare	daily_care	daily_care.b043.digital_inbox_calm	digital_inbox_calm	daily_care.b043.digital_inbox_calm	ambient	any	none	calm	0	120	144	1	1.0	neutral	旧安装包挪进归档区，列表会少几块沉甸甸的影子。	approved
authored.b043.daily_care.digital_inbox_calm.0003	b043	DailyCare	daily_care	daily_care.b043.digital_inbox_calm	digital_inbox_calm	daily_care.b043.digital_inbox_calm	ambient	any	none	calm	0	120	144	1	1.0	neutral	把浏览器收藏夹里失效入口摘掉，查资料时更容易抵达重点。	approved
authored.b043.daily_care.digital_inbox_calm.0004	b043	DailyCare	daily_care	daily_care.b043.digital_inbox_calm	digital_inbox_calm	daily_care.b043.digital_inbox_calm	ambient	any	none	calm	0	120	144	1	1.0	neutral	临时复制的片段写进草稿，剪贴板就不必替记忆守夜。	approved
authored.b043.daily_care.digital_inbox_calm.0005	b043	DailyCare	daily_care	daily_care.b043.digital_inbox_calm	digital_inbox_calm	daily_care.b043.digital_inbox_calm	ambient	any	none	calm	0	120	144	1	1.0	neutral	同一主题的文档靠在一起，打开时会像翻到同一页。	approved
authored.b043.daily_care.digital_inbox_calm.0006	b043	DailyCare	daily_care	daily_care.b043.digital_inbox_calm	digital_inbox_calm	daily_care.b043.digital_inbox_calm	ambient	any	none	calm	0	120	144	1	1.0	neutral	给未命名文件补两个关键词，日后查找会多一点方向。	approved
authored.b043.daily_care.digital_inbox_calm.0007	b043	DailyCare	daily_care	daily_care.b043.digital_inbox_calm	digital_inbox_calm	daily_care.b043.digital_inbox_calm	ambient	any	none	calm	0	120	144	1	1.0	neutral	清掉已经完成的下载提示，通知栏也能安静一点。	approved
authored.b043.daily_care.digital_inbox_calm.0008	b043	DailyCare	daily_care	daily_care.b043.digital_inbox_calm	digital_inbox_calm	daily_care.b043.digital_inbox_calm	ambient	any	none	calm	0	120	144	1	1.0	neutral	桌面背景露出来以后，图标之间的距离显得更舒服。	approved
authored.b043.daily_care.digital_inbox_calm.0009	b043	DailyCare	daily_care	daily_care.b043.digital_inbox_calm	digital_inbox_calm	daily_care.b043.digital_inbox_calm	ambient	any	none	calm	0	120	144	1	1.0	neutral	把快捷方式分成少量文件夹，启动时的选择会更干脆。	approved
authored.b043.daily_care.digital_inbox_calm.0010	b043	DailyCare	daily_care	daily_care.b043.digital_inbox_calm	digital_inbox_calm	daily_care.b043.digital_inbox_calm	ambient	any	none	calm	0	120	144	1	1.0	neutral	关闭重复开的页面，浏览器也不用替同一件事跑两遍。	approved
authored.b043.daily_care.digital_inbox_calm.0011	b043	DailyCare	daily_care	daily_care.b043.digital_inbox_calm	digital_inbox_calm	daily_care.b043.digital_inbox_calm	ambient	any	none	calm	0	120	144	1	1.0	neutral	将需要稍后看的链接存成清单，眼前的页面便能专一点。	approved
authored.b043.daily_care.digital_inbox_calm.0012	b043	DailyCare	daily_care	daily_care.b043.digital_inbox_calm	digital_inbox_calm	daily_care.b043.digital_inbox_calm	ambient	any	none	calm	0	120	144	1	1.0	neutral	删去空白文档，最近使用列表会少些假线索。	approved
authored.b043.daily_care.digital_inbox_calm.0013	b043	DailyCare	daily_care	daily_care.b043.digital_inbox_calm	digital_inbox_calm	daily_care.b043.digital_inbox_calm	ambient	any	none	calm	0	120	144	1	1.0	neutral	文件夹名写得像内容，不让以后翻找靠猜。	approved
authored.b043.daily_care.digital_inbox_calm.0014	b043	DailyCare	daily_care	daily_care.b043.digital_inbox_calm	digital_inbox_calm	daily_care.b043.digital_inbox_calm	ambient	any	none	calm	0	120	144	1	1.0	neutral	把常用命令收进一张小卡片，忙时也不用重新检索。	approved
authored.b043.daily_care.digital_inbox_calm.0015	b043	DailyCare	daily_care	daily_care.b043.digital_inbox_calm	digital_inbox_calm	daily_care.b043.digital_inbox_calm	ambient	any	none	calm	0	120	144	1	1.0	neutral	版本号放在文件名末尾，比较时就更容易看出先后。	approved
authored.b043.daily_care.digital_inbox_calm.0016	b043	DailyCare	daily_care	daily_care.b043.digital_inbox_calm	digital_inbox_calm	daily_care.b043.digital_inbox_calm	ambient	any	none	calm	0	120	144	1	1.0	neutral	清理缓存截图，视觉里的杂讯会少一点。	approved
authored.b043.daily_care.digital_inbox_calm.0017	b043	DailyCare	daily_care	daily_care.b043.digital_inbox_calm	digital_inbox_calm	daily_care.b043.digital_inbox_calm	ambient	any	none	calm	0	120	144	1	1.0	neutral	便签应用只留能行动的句子，提醒就不会变成背景。	approved
authored.b043.daily_care.digital_inbox_calm.0018	b043	DailyCare	daily_care	daily_care.b043.digital_inbox_calm	digital_inbox_calm	daily_care.b043.digital_inbox_calm	ambient	any	none	calm	0	120	144	1	1.0	neutral	将参考资料按项目分层，切换时不必带着整座仓库。	approved
authored.b043.daily_care.digital_inbox_calm.0019	b043	DailyCare	daily_care	daily_care.b043.digital_inbox_calm	digital_inbox_calm	daily_care.b043.digital_inbox_calm	ambient	any	none	calm	0	120	144	1	1.0	neutral	把反复出现的路径记成收藏，鼠标会少绕几段路。	approved
authored.b043.daily_care.digital_inbox_calm.0020	b043	DailyCare	daily_care	daily_care.b043.digital_inbox_calm	digital_inbox_calm	daily_care.b043.digital_inbox_calm	ambient	any	none	calm	0	120	144	1	1.0	neutral	一个干净的最近文件列表，能替记忆卸下不少包袱。	approved
authored.b043.daily_care.digital_inbox_calm.0021	b043	DailyCare	daily_care	daily_care.b043.digital_inbox_calm	digital_inbox_calm	daily_care.b043.digital_inbox_calm	ambient	any	none	calm	0	120	144	1	1.0	neutral	让归档文件夹保持简短，过往内容才不会压住现在。	approved
authored.b043.daily_care.digital_inbox_calm.0022	b043	DailyCare	daily_care	daily_care.b043.digital_inbox_calm	digital_inbox_calm	daily_care.b043.digital_inbox_calm	ambient	any	none	calm	0	120	144	1	1.0	neutral	把临时参考资料移出可见区，日常桌面会更安心。	approved
authored.b043.daily_care.digital_inbox_calm.0023	b043	DailyCare	daily_care	daily_care.b043.digital_inbox_calm	digital_inbox_calm	daily_care.b043.digital_inbox_calm	ambient	any	none	calm	0	120	144	1	1.0	neutral	文档命名统一以后，合作和自查都会更轻松。	approved
authored.b043.daily_care.digital_inbox_calm.0024	b043	DailyCare	daily_care	daily_care.b043.digital_inbox_calm	digital_inbox_calm	daily_care.b043.digital_inbox_calm	ambient	any	none	calm	0	120	144	1	1.0	neutral	更新后的文件放到新位置，旧版本就不必反复问路。	approved
authored.b043.daily_care.digital_inbox_calm.0025	b043	DailyCare	daily_care	daily_care.b043.digital_inbox_calm	digital_inbox_calm	daily_care.b043.digital_inbox_calm	ambient	any	none	calm	0	120	144	1	1.0	neutral	把数字空间清出一点缝，思绪也会少些拥堵。	approved
authored.b043.daily_care.focus_entry_cue.0001	b043	DailyCare	daily_care	daily_care.b043.focus_entry_cue	focus_entry_cue	daily_care.b043.focus_entry_cue	ambient	any	none	gentle	0	120	144	1	1.0	neutral	开始前先写下一件最小动作，专注会有一扇小门。	approved
authored.b043.daily_care.focus_entry_cue.0002	b043	DailyCare	daily_care	daily_care.b043.focus_entry_cue	focus_entry_cue	daily_care.b043.focus_entry_cue	ambient	any	none	gentle	0	120	144	1	1.0	neutral	给水杯和笔留在同侧，身体会记得进入状态的路线。	approved
authored.b043.daily_care.focus_entry_cue.0003	b043	DailyCare	daily_care	daily_care.b043.focus_entry_cue	focus_entry_cue	daily_care.b043.focus_entry_cue	ambient	any	none	gentle	0	120	144	1	1.0	neutral	先读一遍目标，再动手处理细节，方向就不容易偏。	approved
authored.b043.daily_care.focus_entry_cue.0004	b043	DailyCare	daily_care	daily_care.b043.focus_entry_cue	focus_entry_cue	daily_care.b043.focus_entry_cue	ambient	any	none	gentle	0	120	144	1	1.0	neutral	把无关页签缩到后面，当前内容会显出轮廓。	approved
authored.b043.daily_care.focus_entry_cue.0005	b043	DailyCare	daily_care	daily_care.b043.focus_entry_cue	focus_entry_cue	daily_care.b043.focus_entry_cue	ambient	any	none	gentle	0	120	144	1	1.0	neutral	计时器不必制造压力，它也可以只是安静的边界。	approved
authored.b043.daily_care.focus_entry_cue.0006	b043	DailyCare	daily_care	daily_care.b043.focus_entry_cue	focus_entry_cue	daily_care.b043.focus_entry_cue	ambient	any	none	gentle	0	120	144	1	1.0	neutral	从一行最容易写的内容开始，阻力会比想象中小。	approved
authored.b043.daily_care.focus_entry_cue.0007	b043	DailyCare	daily_care	daily_care.b043.focus_entry_cue	focus_entry_cue	daily_care.b043.focus_entry_cue	ambient	any	none	gentle	0	120	144	1	1.0	neutral	开工前整理一次呼吸，注意力会少些匆忙。	approved
authored.b043.daily_care.focus_entry_cue.0008	b043	DailyCare	daily_care	daily_care.b043.focus_entry_cue	focus_entry_cue	daily_care.b043.focus_entry_cue	ambient	any	none	gentle	0	120	144	1	1.0	neutral	选择一个固定开场动作，思绪会更快落座。	approved
authored.b043.daily_care.focus_entry_cue.0009	b043	DailyCare	daily_care	daily_care.b043.focus_entry_cue	focus_entry_cue	daily_care.b043.focus_entry_cue	ambient	any	none	gentle	0	120	144	1	1.0	neutral	把待办写成可见的三件小事，心里不会被长清单挤满。	approved
authored.b043.daily_care.focus_entry_cue.0010	b043	DailyCare	daily_care	daily_care.b043.focus_entry_cue	focus_entry_cue	daily_care.b043.focus_entry_cue	ambient	any	none	gentle	0	120	144	1	1.0	neutral	先打开需要的资料，再决定是否需要更多信息。	approved
authored.b043.daily_care.focus_entry_cue.0011	b043	DailyCare	daily_care	daily_care.b043.focus_entry_cue	focus_entry_cue	daily_care.b043.focus_entry_cue	ambient	any	none	gentle	0	120	144	1	1.0	neutral	将手机放到不顺手的位置，专注会多一层缓冲。	approved
authored.b043.daily_care.focus_entry_cue.0012	b043	DailyCare	daily_care	daily_care.b043.focus_entry_cue	focus_entry_cue	daily_care.b043.focus_entry_cue	ambient	any	none	gentle	0	120	144	1	1.0	neutral	把第一步限制在五分钟内，开始就不再像一座山。	approved
authored.b043.daily_care.focus_entry_cue.0013	b043	DailyCare	daily_care	daily_care.b043.focus_entry_cue	focus_entry_cue	daily_care.b043.focus_entry_cue	ambient	any	none	gentle	0	120	144	1	1.0	neutral	一段清晰的标题能把散乱想法聚成同一路线。	approved
authored.b043.daily_care.focus_entry_cue.0014	b043	DailyCare	daily_care	daily_care.b043.focus_entry_cue	focus_entry_cue	daily_care.b043.focus_entry_cue	ambient	any	none	gentle	0	120	144	1	1.0	neutral	让桌边保持安静，思考会更容易听见自己的节拍。	approved
authored.b043.daily_care.focus_entry_cue.0015	b043	DailyCare	daily_care	daily_care.b043.focus_entry_cue	focus_entry_cue	daily_care.b043.focus_entry_cue	ambient	any	none	gentle	0	120	144	1	1.0	neutral	在开始前删掉一个干扰源，剩下的路会更直。	approved
authored.b043.daily_care.focus_entry_cue.0016	b043	DailyCare	daily_care	daily_care.b043.focus_entry_cue	focus_entry_cue	daily_care.b043.focus_entry_cue	ambient	any	none	gentle	0	120	144	1	1.0	neutral	给复杂任务拆一个入口，能动起来已经是进展。	approved
authored.b043.daily_care.focus_entry_cue.0017	b043	DailyCare	daily_care	daily_care.b043.focus_entry_cue	focus_entry_cue	daily_care.b043.focus_entry_cue	ambient	any	none	gentle	0	120	144	1	1.0	neutral	把当前目标说成一句短话，动作会更容易跟上。	approved
authored.b043.daily_care.focus_entry_cue.0018	b043	DailyCare	daily_care	daily_care.b043.focus_entry_cue	focus_entry_cue	daily_care.b043.focus_entry_cue	ambient	any	none	gentle	0	120	144	1	1.0	neutral	先确认最重要的交付物，其他细节可以后排。	approved
authored.b043.daily_care.focus_entry_cue.0019	b043	DailyCare	daily_care	daily_care.b043.focus_entry_cue	focus_entry_cue	daily_care.b043.focus_entry_cue	ambient	any	none	gentle	0	120	144	1	1.0	neutral	让第一段时间只做铺垫，后面会少些急躁。	approved
authored.b043.daily_care.focus_entry_cue.0020	b043	DailyCare	daily_care	daily_care.b043.focus_entry_cue	focus_entry_cue	daily_care.b043.focus_entry_cue	ambient	any	none	gentle	0	120	144	1	1.0	neutral	在纸上画个小框，完成范围会变得具体。	approved
authored.b043.daily_care.focus_entry_cue.0021	b043	DailyCare	daily_care	daily_care.b043.focus_entry_cue	focus_entry_cue	daily_care.b043.focus_entry_cue	ambient	any	none	gentle	0	120	144	1	1.0	neutral	把难点标出来，不必立刻解决，也能更从容地前进。	approved
authored.b043.daily_care.focus_entry_cue.0022	b043	DailyCare	daily_care	daily_care.b043.focus_entry_cue	focus_entry_cue	daily_care.b043.focus_entry_cue	ambient	any	none	gentle	0	120	144	1	1.0	neutral	一开始不求漂亮，先让材料在眼前铺开。	approved
authored.b043.daily_care.focus_entry_cue.0023	b043	DailyCare	daily_care	daily_care.b043.focus_entry_cue	focus_entry_cue	daily_care.b043.focus_entry_cue	ambient	any	none	gentle	0	120	144	1	1.0	neutral	给自己一个进入节奏的信号，慢一点也能走稳。	approved
authored.b043.daily_care.focus_entry_cue.0024	b043	DailyCare	daily_care	daily_care.b043.focus_entry_cue	focus_entry_cue	daily_care.b043.focus_entry_cue	ambient	any	none	gentle	0	120	144	1	1.0	neutral	开场的空白页不吓人，它只是等待第一笔。	approved
authored.b043.daily_care.focus_entry_cue.0025	b043	DailyCare	daily_care	daily_care.b043.focus_entry_cue	focus_entry_cue	daily_care.b043.focus_entry_cue	ambient	any	none	gentle	0	120	144	1	1.0	neutral	先把门推开一点，专注常常会自己跟上来。	approved
authored.b043.daily_care.micro_pause_rhythm.0001	b043	DailyCare	daily_care	daily_care.b043.micro_pause_rhythm	micro_pause_rhythm	daily_care.b043.micro_pause_rhythm	ambient	any	none	gentle	0	120	144	1	1.0	neutral	每隔一段时间把手离开鼠标，节奏不会被点击拽得太紧。	approved
authored.b043.daily_care.micro_pause_rhythm.0002	b043	DailyCare	daily_care	daily_care.b043.micro_pause_rhythm	micro_pause_rhythm	daily_care.b043.micro_pause_rhythm	ambient	any	none	gentle	0	120	144	1	1.0	neutral	短暂停像段落里的逗号，能让后半句更好读。	approved
authored.b043.daily_care.micro_pause_rhythm.0003	b043	DailyCare	daily_care	daily_care.b043.micro_pause_rhythm	micro_pause_rhythm	daily_care.b043.micro_pause_rhythm	ambient	any	none	gentle	0	120	144	1	1.0	neutral	先站起来看一圈房间，再决定下一步往哪里走。	approved
authored.b043.daily_care.micro_pause_rhythm.0004	b043	DailyCare	daily_care	daily_care.b043.micro_pause_rhythm	micro_pause_rhythm	daily_care.b043.micro_pause_rhythm	ambient	any	none	gentle	0	120	144	1	1.0	neutral	把肩线放低一点，忙碌的声音会显得没那么大。	approved
authored.b043.daily_care.micro_pause_rhythm.0005	b043	DailyCare	daily_care	daily_care.b043.micro_pause_rhythm	micro_pause_rhythm	daily_care.b043.micro_pause_rhythm	ambient	any	none	gentle	0	120	144	1	1.0	neutral	一次缓慢吸气能替连续输入留一条空隙。	approved
authored.b043.daily_care.micro_pause_rhythm.0006	b043	DailyCare	daily_care	daily_care.b043.micro_pause_rhythm	micro_pause_rhythm	daily_care.b043.micro_pause_rhythm	ambient	any	none	gentle	0	120	144	1	1.0	neutral	不必等到疲惫堆满，提前停几秒也是照顾。	approved
authored.b043.daily_care.micro_pause_rhythm.0007	b043	DailyCare	daily_care	daily_care.b043.micro_pause_rhythm	micro_pause_rhythm	daily_care.b043.micro_pause_rhythm	ambient	any	none	gentle	0	120	144	1	1.0	neutral	刷新思路不一定靠新任务，安静一下也能做到。	approved
authored.b043.daily_care.micro_pause_rhythm.0008	b043	DailyCare	daily_care	daily_care.b043.micro_pause_rhythm	micro_pause_rhythm	daily_care.b043.micro_pause_rhythm	ambient	any	none	gentle	0	120	144	1	1.0	neutral	让双脚踩实地面，身体会给注意力一个可靠支点。	approved
authored.b043.daily_care.micro_pause_rhythm.0009	b043	DailyCare	daily_care	daily_care.b043.micro_pause_rhythm	micro_pause_rhythm	daily_care.b043.micro_pause_rhythm	ambient	any	none	gentle	0	120	144	1	1.0	neutral	把眼神从图表移开，数字不会因为片刻停留而逃走。	approved
authored.b043.daily_care.micro_pause_rhythm.0010	b043	DailyCare	daily_care	daily_care.b043.micro_pause_rhythm	micro_pause_rhythm	daily_care.b043.micro_pause_rhythm	ambient	any	none	gentle	0	120	144	1	1.0	neutral	短暂伸直手臂，像给紧凑的时间拉开一条缝。	approved
authored.b043.daily_care.micro_pause_rhythm.0011	b043	DailyCare	daily_care	daily_care.b043.micro_pause_rhythm	micro_pause_rhythm	daily_care.b043.micro_pause_rhythm	ambient	any	none	gentle	0	120	144	1	1.0	neutral	闭一闭眼再睁开，画面会多一点层次。	approved
authored.b043.daily_care.micro_pause_rhythm.0012	b043	DailyCare	daily_care	daily_care.b043.micro_pause_rhythm	micro_pause_rhythm	daily_care.b043.micro_pause_rhythm	ambient	any	none	gentle	0	120	144	1	1.0	neutral	让呼吸比敲键声慢半拍，心绪会容易落稳。	approved
authored.b043.daily_care.micro_pause_rhythm.0013	b043	DailyCare	daily_care	daily_care.b043.micro_pause_rhythm	micro_pause_rhythm	daily_care.b043.micro_pause_rhythm	ambient	any	none	gentle	0	120	144	1	1.0	neutral	起身倒水的路程不长，却能把思路重新洗一遍。	approved
authored.b043.daily_care.micro_pause_rhythm.0014	b043	DailyCare	daily_care	daily_care.b043.micro_pause_rhythm	micro_pause_rhythm	daily_care.b043.micro_pause_rhythm	ambient	any	none	gentle	0	120	144	1	1.0	neutral	暂停并不等于拖延，它是把力气留在合适的位置。	approved
authored.b043.daily_care.micro_pause_rhythm.0015	b043	DailyCare	daily_care	daily_care.b043.micro_pause_rhythm	micro_pause_rhythm	daily_care.b043.micro_pause_rhythm	ambient	any	none	gentle	0	120	144	1	1.0	neutral	给下一次投入留一点余量，比硬撑更有耐心。	approved
authored.b043.daily_care.micro_pause_rhythm.0016	b043	DailyCare	daily_care	daily_care.b043.micro_pause_rhythm	micro_pause_rhythm	daily_care.b043.micro_pause_rhythm	ambient	any	none	gentle	0	120	144	1	1.0	neutral	背离椅背靠一会儿，身体会知道自己被接住。	approved
authored.b043.daily_care.micro_pause_rhythm.0017	b043	DailyCare	daily_care	daily_care.b043.micro_pause_rhythm	micro_pause_rhythm	daily_care.b043.micro_pause_rhythm	ambient	any	none	gentle	0	120	144	1	1.0	neutral	把手掌摊开又合上，重复动作的紧感会松一点。	approved
authored.b043.daily_care.micro_pause_rhythm.0018	b043	DailyCare	daily_care	daily_care.b043.micro_pause_rhythm	micro_pause_rhythm	daily_care.b043.micro_pause_rhythm	ambient	any	none	gentle	0	120	144	1	1.0	neutral	在窗边停几十秒，室内外的光会替人换气。	approved
authored.b043.daily_care.micro_pause_rhythm.0019	b043	DailyCare	daily_care	daily_care.b043.micro_pause_rhythm	micro_pause_rhythm	daily_care.b043.micro_pause_rhythm	ambient	any	none	gentle	0	120	144	1	1.0	neutral	先让额头离开屏幕方向，之后的阅读会更轻。	approved
authored.b043.daily_care.micro_pause_rhythm.0020	b043	DailyCare	daily_care	daily_care.b043.micro_pause_rhythm	micro_pause_rhythm	daily_care.b043.micro_pause_rhythm	ambient	any	none	gentle	0	120	144	1	1.0	neutral	一口慢慢咽下的水，比急促的刷新更能改变节奏。	approved
authored.b043.daily_care.micro_pause_rhythm.0021	b043	DailyCare	daily_care	daily_care.b043.micro_pause_rhythm	micro_pause_rhythm	daily_care.b043.micro_pause_rhythm	ambient	any	none	gentle	0	120	144	1	1.0	neutral	把时间切成有呼吸的段落，工作不会只剩追赶。	approved
authored.b043.daily_care.micro_pause_rhythm.0022	b043	DailyCare	daily_care	daily_care.b043.micro_pause_rhythm	micro_pause_rhythm	daily_care.b043.micro_pause_rhythm	ambient	any	none	gentle	0	120	144	1	1.0	neutral	什么也不做的几秒钟，也能替大脑整理边角。	approved
authored.b043.daily_care.micro_pause_rhythm.0023	b043	DailyCare	daily_care	daily_care.b043.micro_pause_rhythm	micro_pause_rhythm	daily_care.b043.micro_pause_rhythm	ambient	any	none	gentle	0	120	144	1	1.0	neutral	把肩背交给椅子，别让它们整天悬在半空。	approved
authored.b043.daily_care.micro_pause_rhythm.0024	b043	DailyCare	daily_care	daily_care.b043.micro_pause_rhythm	micro_pause_rhythm	daily_care.b043.micro_pause_rhythm	ambient	any	none	gentle	0	120	144	1	1.0	neutral	小小的停顿有自己的价值，不必替它解释。	approved
authored.b043.daily_care.micro_pause_rhythm.0025	b043	DailyCare	daily_care	daily_care.b043.micro_pause_rhythm	micro_pause_rhythm	daily_care.b043.micro_pause_rhythm	ambient	any	none	gentle	0	120	144	1	1.0	neutral	让身体先回到舒服的位置，再继续处理事情。	approved
authored.b043.daily_care.body_comfort_margin.0001	b043	DailyCare	daily_care	daily_care.b043.body_comfort_margin	body_comfort_margin	daily_care.b043.body_comfort_margin	ambient	any	none	gentle	0	120	144	1	1.0	neutral	坐垫向后靠一点，腰背会多一个能放松的位置。	approved
authored.b043.daily_care.body_comfort_margin.0002	b043	DailyCare	daily_care	daily_care.b043.body_comfort_margin	body_comfort_margin	daily_care.b043.body_comfort_margin	ambient	any	none	gentle	0	120	144	1	1.0	neutral	把脚底完整地放在地面，整个人会更稳。	approved
authored.b043.daily_care.body_comfort_margin.0003	b043	DailyCare	daily_care	daily_care.b043.body_comfort_margin	body_comfort_margin	daily_care.b043.body_comfort_margin	ambient	any	none	gentle	0	120	144	1	1.0	neutral	衣领松开一格，呼吸会比刚才更通畅。	approved
authored.b043.daily_care.body_comfort_margin.0004	b043	DailyCare	daily_care	daily_care.b043.body_comfort_margin	body_comfort_margin	daily_care.b043.body_comfort_margin	ambient	any	none	gentle	0	120	144	1	1.0	neutral	手肘别悬得太久，给它们找一处可靠的支撑。	approved
authored.b043.daily_care.body_comfort_margin.0005	b043	DailyCare	daily_care	daily_care.b043.body_comfort_margin	body_comfort_margin	daily_care.b043.body_comfort_margin	ambient	any	none	gentle	0	120	144	1	1.0	neutral	颈部轻轻向两边转，紧绷感会从侧面退开。	approved
authored.b043.daily_care.body_comfort_margin.0006	b043	DailyCare	daily_care	daily_care.b043.body_comfort_margin	body_comfort_margin	daily_care.b043.body_comfort_margin	ambient	any	none	gentle	0	120	144	1	1.0	neutral	指腹按一按掌根，重复输入留下的酸涩会淡一点。	approved
authored.b043.daily_care.body_comfort_margin.0007	b043	DailyCare	daily_care	daily_care.b043.body_comfort_margin	body_comfort_margin	daily_care.b043.body_comfort_margin	ambient	any	none	gentle	0	120	144	1	1.0	neutral	让肩膀远离耳朵，整张脸也会显得轻松。	approved
authored.b043.daily_care.body_comfort_margin.0008	b043	DailyCare	daily_care	daily_care.b043.body_comfort_margin	body_comfort_margin	daily_care.b043.body_comfort_margin	ambient	any	none	gentle	0	120	144	1	1.0	neutral	把椅子调到合适高度，手腕不用替姿势兜底。	approved
authored.b043.daily_care.body_comfort_margin.0009	b043	DailyCare	daily_care	daily_care.b043.body_comfort_margin	body_comfort_margin	daily_care.b043.body_comfort_margin	ambient	any	none	gentle	0	120	144	1	1.0	neutral	站起来踮几下脚，腿部的沉感会慢慢散开。	approved
authored.b043.daily_care.body_comfort_margin.0010	b043	DailyCare	daily_care	daily_care.b043.body_comfort_margin	body_comfort_margin	daily_care.b043.body_comfort_margin	ambient	any	none	gentle	0	120	144	1	1.0	neutral	脊背不必硬直，找到自然曲线就已经足够。	approved
authored.b043.daily_care.body_comfort_margin.0011	b043	DailyCare	daily_care	daily_care.b043.body_comfort_margin	body_comfort_margin	daily_care.b043.body_comfort_margin	ambient	any	none	gentle	0	120	144	1	1.0	neutral	给膝盖留一点弯曲余地，久坐的感觉会少些僵。	approved
authored.b043.daily_care.body_comfort_margin.0012	b043	DailyCare	daily_care	daily_care.b043.body_comfort_margin	body_comfort_margin	daily_care.b043.body_comfort_margin	ambient	any	none	gentle	0	120	144	1	1.0	neutral	把头部回到居中的方向，视线也会跟着平衡。	approved
authored.b043.daily_care.body_comfort_margin.0013	b043	DailyCare	daily_care	daily_care.b043.body_comfort_margin	body_comfort_margin	daily_care.b043.body_comfort_margin	ambient	any	none	gentle	0	120	144	1	1.0	neutral	手指间隔着活动几下，细小关节也需要被记得。	approved
authored.b043.daily_care.body_comfort_margin.0014	b043	DailyCare	daily_care	daily_care.b043.body_comfort_margin	body_comfort_margin	daily_care.b043.body_comfort_margin	ambient	any	none	gentle	0	120	144	1	1.0	neutral	脚踝慢慢转动，坐着的时间会少一点滞住。	approved
authored.b043.daily_care.body_comfort_margin.0015	b043	DailyCare	daily_care	daily_care.b043.body_comfort_margin	body_comfort_margin	daily_care.b043.body_comfort_margin	ambient	any	none	gentle	0	120	144	1	1.0	neutral	把围巾或外套摆舒服，温度合适会带来很多耐心。	approved
authored.b043.daily_care.body_comfort_margin.0016	b043	DailyCare	daily_care	daily_care.b043.body_comfort_margin	body_comfort_margin	daily_care.b043.body_comfort_margin	ambient	any	none	gentle	0	120	144	1	1.0	neutral	桌前的姿势每隔一会儿换一换，身体不会被固定住。	approved
authored.b043.daily_care.body_comfort_margin.0017	b043	DailyCare	daily_care	daily_care.b043.body_comfort_margin	body_comfort_margin	daily_care.b043.body_comfort_margin	ambient	any	none	gentle	0	120	144	1	1.0	neutral	躯干稍微离开前倾，胸口会多一点空间。	approved
authored.b043.daily_care.body_comfort_margin.0018	b043	DailyCare	daily_care	daily_care.b043.body_comfort_margin	body_comfort_margin	daily_care.b043.body_comfort_margin	ambient	any	none	gentle	0	120	144	1	1.0	neutral	放松咬紧的牙关，脸部也能从任务里退出来。	approved
authored.b043.daily_care.body_comfort_margin.0019	b043	DailyCare	daily_care	daily_care.b043.body_comfort_margin	body_comfort_margin	daily_care.b043.body_comfort_margin	ambient	any	none	gentle	0	120	144	1	1.0	neutral	把背包卸到一旁，肩部不用继续替路程负责。	approved
authored.b043.daily_care.body_comfort_margin.0020	b043	DailyCare	daily_care	daily_care.b043.body_comfort_margin	body_comfort_margin	daily_care.b043.body_comfort_margin	ambient	any	none	gentle	0	120	144	1	1.0	neutral	一次轻柔的伸腰，像给脊柱补一段流动感。	approved
authored.b043.daily_care.body_comfort_margin.0021	b043	DailyCare	daily_care	daily_care.b043.body_comfort_margin	body_comfort_margin	daily_care.b043.body_comfort_margin	ambient	any	none	gentle	0	120	144	1	1.0	neutral	别把双腿交叠太久，血流会更愿意走动。	approved
authored.b043.daily_care.body_comfort_margin.0022	b043	DailyCare	daily_care	daily_care.b043.body_comfort_margin	body_comfort_margin	daily_care.b043.body_comfort_margin	ambient	any	none	gentle	0	120	144	1	1.0	neutral	让手心离开冰冷桌面，温度回来时会更舒服。	approved
authored.b043.daily_care.body_comfort_margin.0023	b043	DailyCare	daily_care	daily_care.b043.body_comfort_margin	body_comfort_margin	daily_care.b043.body_comfort_margin	ambient	any	none	gentle	0	120	144	1	1.0	neutral	轻轻按摩一下眉间，密集思考会少一点尖锐。	approved
authored.b043.daily_care.body_comfort_margin.0024	b043	DailyCare	daily_care	daily_care.b043.body_comfort_margin	body_comfort_margin	daily_care.b043.body_comfort_margin	ambient	any	none	gentle	0	120	144	1	1.0	neutral	外套盖在腿上时，身体会更容易保持暖和。	approved
authored.b043.daily_care.body_comfort_margin.0025	b043	DailyCare	daily_care	daily_care.b043.body_comfort_margin	body_comfort_margin	daily_care.b043.body_comfort_margin	ambient	any	none	gentle	0	120	144	1	1.0	neutral	舒服不是奢侈，是继续做事前必要的底色。	approved
authored.b043.daily_care.light_sound_tuning.0001	b043	DailyCare	daily_care	daily_care.b043.light_sound_tuning	light_sound_tuning	daily_care.b043.light_sound_tuning	ambient	any	none	calm	0	120	144	1	1.0	neutral	光线太直时把灯挪偏一点，眼前的字会柔和很多。	approved
authored.b043.daily_care.light_sound_tuning.0002	b043	DailyCare	daily_care	daily_care.b043.light_sound_tuning	light_sound_tuning	daily_care.b043.light_sound_tuning	ambient	any	none	calm	0	120	144	1	1.0	neutral	让窗帘过滤一层亮度，房间会少些刺眼的边缘。	approved
authored.b043.daily_care.light_sound_tuning.0003	b043	DailyCare	daily_care	daily_care.b043.light_sound_tuning	light_sound_tuning	daily_care.b043.light_sound_tuning	ambient	any	none	calm	0	120	144	1	1.0	neutral	背景声降到听得见却不抢话的程度，注意力会更稳。	approved
authored.b043.daily_care.light_sound_tuning.0004	b043	DailyCare	daily_care	daily_care.b043.light_sound_tuning	light_sound_tuning	daily_care.b043.light_sound_tuning	ambient	any	none	calm	0	120	144	1	1.0	neutral	把提示音换成温和的声音，日常不会总被惊一下。	approved
authored.b043.daily_care.light_sound_tuning.0005	b043	DailyCare	daily_care	daily_care.b043.light_sound_tuning	light_sound_tuning	daily_care.b043.light_sound_tuning	ambient	any	none	calm	0	120	144	1	1.0	neutral	桌灯照向纸面而不是眼睛，阅读会显得轻松些。	approved
authored.b043.daily_care.light_sound_tuning.0006	b043	DailyCare	daily_care	daily_care.b043.light_sound_tuning	light_sound_tuning	daily_care.b043.light_sound_tuning	ambient	any	none	calm	0	120	144	1	1.0	neutral	把屏幕色温调暖一点，夜里的画面会没那么锋利。	approved
authored.b043.daily_care.light_sound_tuning.0007	b043	DailyCare	daily_care	daily_care.b043.light_sound_tuning	light_sound_tuning	daily_care.b043.light_sound_tuning	ambient	any	none	calm	0	120	144	1	1.0	neutral	耳机摘下一只，让环境声也有进来的机会。	approved
authored.b043.daily_care.light_sound_tuning.0008	b043	DailyCare	daily_care	daily_care.b043.light_sound_tuning	light_sound_tuning	daily_care.b043.light_sound_tuning	ambient	any	none	calm	0	120	144	1	1.0	neutral	空调声太重时，换一段轻音乐会更舒服。	approved
authored.b043.daily_care.light_sound_tuning.0009	b043	DailyCare	daily_care	daily_care.b043.light_sound_tuning	light_sound_tuning	daily_care.b043.light_sound_tuning	ambient	any	none	calm	0	120	144	1	1.0	neutral	拉开一点窗缝，城市的远声能把房间撑开。	approved
authored.b043.daily_care.light_sound_tuning.0010	b043	DailyCare	daily_care	daily_care.b043.light_sound_tuning	light_sound_tuning	daily_care.b043.light_sound_tuning	ambient	any	none	calm	0	120	144	1	1.0	neutral	关掉无用的弹窗提醒，安静会重新变得完整。	approved
authored.b043.daily_care.light_sound_tuning.0011	b043	DailyCare	daily_care	daily_care.b043.light_sound_tuning	light_sound_tuning	daily_care.b043.light_sound_tuning	ambient	any	none	calm	0	120	144	1	1.0	neutral	灯影落在桌面上时，给物品留一点排列的余地。	approved
authored.b043.daily_care.light_sound_tuning.0012	b043	DailyCare	daily_care	daily_care.b043.light_sound_tuning	light_sound_tuning	daily_care.b043.light_sound_tuning	ambient	any	none	calm	0	120	144	1	1.0	neutral	选择一首没有歌词的曲子，文字和节拍就不会抢位置。	approved
authored.b043.daily_care.light_sound_tuning.0013	b043	DailyCare	daily_care	daily_care.b043.light_sound_tuning	light_sound_tuning	daily_care.b043.light_sound_tuning	ambient	any	none	calm	0	120	144	1	1.0	neutral	让风扇转得慢些，呼吸也会跟着不那么急。	approved
authored.b043.daily_care.light_sound_tuning.0014	b043	DailyCare	daily_care	daily_care.b043.light_sound_tuning	light_sound_tuning	daily_care.b043.light_sound_tuning	ambient	any	none	calm	0	120	144	1	1.0	neutral	手机亮屏时调低光度，晚上看一眼也不刺目。	approved
authored.b043.daily_care.light_sound_tuning.0015	b043	DailyCare	daily_care	daily_care.b043.light_sound_tuning	light_sound_tuning	daily_care.b043.light_sound_tuning	ambient	any	none	calm	0	120	144	1	1.0	neutral	把杂乱的背景播放停掉，脑子会少收一层信息。	approved
authored.b043.daily_care.light_sound_tuning.0016	b043	DailyCare	daily_care	daily_care.b043.light_sound_tuning	light_sound_tuning	daily_care.b043.light_sound_tuning	ambient	any	none	calm	0	120	144	1	1.0	neutral	窗外的自然光进来时，先不用急着把灯全打开。	approved
authored.b043.daily_care.light_sound_tuning.0017	b043	DailyCare	daily_care	daily_care.b043.light_sound_tuning	light_sound_tuning	daily_care.b043.light_sound_tuning	ambient	any	none	calm	0	120	144	1	1.0	neutral	给房间留一处较暗角落，眼睛能有地方缓一缓。	approved
authored.b043.daily_care.light_sound_tuning.0018	b043	DailyCare	daily_care	daily_care.b043.light_sound_tuning	light_sound_tuning	daily_care.b043.light_sound_tuning	ambient	any	none	calm	0	120	144	1	1.0	neutral	让声音从近处退到远处，思绪会更容易集中。	approved
authored.b043.daily_care.light_sound_tuning.0019	b043	DailyCare	daily_care	daily_care.b043.light_sound_tuning	light_sound_tuning	daily_care.b043.light_sound_tuning	ambient	any	none	calm	0	120	144	1	1.0	neutral	调整显示器角度，反光离开后内容会更好读。	approved
authored.b043.daily_care.light_sound_tuning.0020	b043	DailyCare	daily_care	daily_care.b043.light_sound_tuning	light_sound_tuning	daily_care.b043.light_sound_tuning	ambient	any	none	calm	0	120	144	1	1.0	neutral	家里的小噪声不必全消失，柔一点就足够。	approved
authored.b043.daily_care.light_sound_tuning.0021	b043	DailyCare	daily_care	daily_care.b043.light_sound_tuning	light_sound_tuning	daily_care.b043.light_sound_tuning	ambient	any	none	calm	0	120	144	1	1.0	neutral	光线和声音都留些余白，专注才不容易被挤走。	approved
authored.b043.daily_care.light_sound_tuning.0022	b043	DailyCare	daily_care	daily_care.b043.light_sound_tuning	light_sound_tuning	daily_care.b043.light_sound_tuning	ambient	any	none	calm	0	120	144	1	1.0	neutral	把亮的设备屏幕扣下，桌上的夜色会更完整。	approved
authored.b043.daily_care.light_sound_tuning.0023	b043	DailyCare	daily_care	daily_care.b043.light_sound_tuning	light_sound_tuning	daily_care.b043.light_sound_tuning	ambient	any	none	calm	0	120	144	1	1.0	neutral	一阵很轻的白噪音，能替忙乱隔出一层边界。	approved
authored.b043.daily_care.light_sound_tuning.0024	b043	DailyCare	daily_care	daily_care.b043.light_sound_tuning	light_sound_tuning	daily_care.b043.light_sound_tuning	ambient	any	none	calm	0	120	144	1	1.0	neutral	灯光不必过亮，清楚和舒服可以同时存在。	approved
authored.b043.daily_care.light_sound_tuning.0025	b043	DailyCare	daily_care	daily_care.b043.light_sound_tuning	light_sound_tuning	daily_care.b043.light_sound_tuning	ambient	any	none	calm	0	120	144	1	1.0	neutral	把音量交给合适的刻度，房间会回到自己的节奏。	approved
authored.b043.daily_care.thinking_unblock.0001	b043	DailyCare	daily_care	daily_care.b043.thinking_unblock	thinking_unblock	daily_care.b043.thinking_unblock	ambient	any	none	calm	0	120	144	1	1.0	neutral	卡住时先把问题改写一遍，答案常常会露出新的边缘。	approved
authored.b043.daily_care.thinking_unblock.0002	b043	DailyCare	daily_care	daily_care.b043.thinking_unblock	thinking_unblock	daily_care.b043.thinking_unblock	ambient	any	none	calm	0	120	144	1	1.0	neutral	复杂内容拆成几个框，脑内的路就不必一次走完。	approved
authored.b043.daily_care.thinking_unblock.0003	b043	DailyCare	daily_care	daily_care.b043.thinking_unblock	thinking_unblock	daily_care.b043.thinking_unblock	ambient	any	none	calm	0	120	144	1	1.0	neutral	把已知条件写下来，空白处会显得没那么可怕。	approved
authored.b043.daily_care.thinking_unblock.0004	b043	DailyCare	daily_care	daily_care.b043.thinking_unblock	thinking_unblock	daily_care.b043.thinking_unblock	ambient	any	none	calm	0	120	144	1	1.0	neutral	从最确定的一点开始，难题也能慢慢长出形状。	approved
authored.b043.daily_care.thinking_unblock.0005	b043	DailyCare	daily_care	daily_care.b043.thinking_unblock	thinking_unblock	daily_care.b043.thinking_unblock	ambient	any	none	calm	0	120	144	1	1.0	neutral	将想法说成普通句子，模糊感会少一点伪装。	approved
authored.b043.daily_care.thinking_unblock.0006	b043	DailyCare	daily_care	daily_care.b043.thinking_unblock	thinking_unblock	daily_care.b043.thinking_unblock	ambient	any	none	calm	0	120	144	1	1.0	neutral	换一张纸记笔记，思路有时只需要一个新表面。	approved
authored.b043.daily_care.thinking_unblock.0007	b043	DailyCare	daily_care	daily_care.b043.thinking_unblock	thinking_unblock	daily_care.b043.thinking_unblock	ambient	any	none	calm	0	120	144	1	1.0	neutral	先列出不该做什么，选择范围会迅速变窄。	approved
authored.b043.daily_care.thinking_unblock.0008	b043	DailyCare	daily_care	daily_care.b043.thinking_unblock	thinking_unblock	daily_care.b043.thinking_unblock	ambient	any	none	calm	0	120	144	1	1.0	neutral	把关键名词圈出来，问题便不再是一团雾。	approved
authored.b043.daily_care.thinking_unblock.0009	b043	DailyCare	daily_care	daily_care.b043.thinking_unblock	thinking_unblock	daily_care.b043.thinking_unblock	ambient	any	none	calm	0	120	144	1	1.0	neutral	让草稿可以难看，第一版的职责只是出现。	approved
authored.b043.daily_care.thinking_unblock.0010	b043	DailyCare	daily_care	daily_care.b043.thinking_unblock	thinking_unblock	daily_care.b043.thinking_unblock	ambient	any	none	calm	0	120	144	1	1.0	neutral	从结果倒推一步，路径会比空想更清楚。	approved
authored.b043.daily_care.thinking_unblock.0011	b043	DailyCare	daily_care	daily_care.b043.thinking_unblock	thinking_unblock	daily_care.b043.thinking_unblock	ambient	any	none	calm	0	120	144	1	1.0	neutral	把大任务拆到能在十分钟内完成，心里会更愿意开始。	approved
authored.b043.daily_care.thinking_unblock.0012	b043	DailyCare	daily_care	daily_care.b043.thinking_unblock	thinking_unblock	daily_care.b043.thinking_unblock	ambient	any	none	calm	0	120	144	1	1.0	neutral	写下一个假设，再找证据验证，混乱会慢慢变成线索。	approved
authored.b043.daily_care.thinking_unblock.0013	b043	DailyCare	daily_care	daily_care.b043.thinking_unblock	thinking_unblock	daily_care.b043.thinking_unblock	ambient	any	none	calm	0	120	144	1	1.0	neutral	先排除最不可能的方向，剩下的路会更诚实。	approved
authored.b043.daily_care.thinking_unblock.0014	b043	DailyCare	daily_care	daily_care.b043.thinking_unblock	thinking_unblock	daily_care.b043.thinking_unblock	ambient	any	none	calm	0	120	144	1	1.0	neutral	把参考资料合上几分钟，自己的判断才有机会说话。	approved
authored.b043.daily_care.thinking_unblock.0015	b043	DailyCare	daily_care	daily_care.b043.thinking_unblock	thinking_unblock	daily_care.b043.thinking_unblock	ambient	any	none	calm	0	120	144	1	1.0	neutral	用一段散步替换死盯，回来的念头常常更灵活。	approved
authored.b043.daily_care.thinking_unblock.0016	b043	DailyCare	daily_care	daily_care.b043.thinking_unblock	thinking_unblock	daily_care.b043.thinking_unblock	ambient	any	none	calm	0	120	144	1	1.0	neutral	碰到复杂选择时，先问哪件事更接近目标。	approved
authored.b043.daily_care.thinking_unblock.0017	b043	DailyCare	daily_care	daily_care.b043.thinking_unblock	thinking_unblock	daily_care.b043.thinking_unblock	ambient	any	none	calm	0	120	144	1	1.0	neutral	把问题放到更小的范围里，行动会比焦虑快一些。	approved
authored.b043.daily_care.thinking_unblock.0018	b043	DailyCare	daily_care	daily_care.b043.thinking_unblock	thinking_unblock	daily_care.b043.thinking_unblock	ambient	any	none	calm	0	120	144	1	1.0	neutral	写一条最朴素的解释，很多漏洞会自己显出来。	approved
authored.b043.daily_care.thinking_unblock.0019	b043	DailyCare	daily_care	daily_care.b043.thinking_unblock	thinking_unblock	daily_care.b043.thinking_unblock	ambient	any	none	calm	0	120	144	1	1.0	neutral	给难题留一点时间发酵，不用每秒钟都催它回答。	approved
authored.b043.daily_care.thinking_unblock.0020	b043	DailyCare	daily_care	daily_care.b043.thinking_unblock	thinking_unblock	daily_care.b043.thinking_unblock	ambient	any	none	calm	0	120	144	1	1.0	neutral	把脑内循环写成清单，重复的担忧就有了出口。	approved
authored.b043.daily_care.thinking_unblock.0021	b043	DailyCare	daily_care	daily_care.b043.thinking_unblock	thinking_unblock	daily_care.b043.thinking_unblock	ambient	any	none	calm	0	120	144	1	1.0	neutral	遇到陌生概念时，先找一个具体例子搭桥。	approved
authored.b043.daily_care.thinking_unblock.0022	b043	DailyCare	daily_care	daily_care.b043.thinking_unblock	thinking_unblock	daily_care.b043.thinking_unblock	ambient	any	none	calm	0	120	144	1	1.0	neutral	不确定的地方标出来，清楚知道未知也是进展。	approved
authored.b043.daily_care.thinking_unblock.0023	b043	DailyCare	daily_care	daily_care.b043.thinking_unblock	thinking_unblock	daily_care.b043.thinking_unblock	ambient	any	none	calm	0	120	144	1	1.0	neutral	先完成一个可验证的小实验，感觉会比猜测可靠。	approved
authored.b043.daily_care.thinking_unblock.0024	b043	DailyCare	daily_care	daily_care.b043.thinking_unblock	thinking_unblock	daily_care.b043.thinking_unblock	ambient	any	none	calm	0	120	144	1	1.0	neutral	把思路从完美里拉回来，能推进就值得记一笔。	approved
authored.b043.daily_care.thinking_unblock.0025	b043	DailyCare	daily_care	daily_care.b043.thinking_unblock	thinking_unblock	daily_care.b043.thinking_unblock	ambient	any	none	calm	0	120	144	1	1.0	neutral	困住人的往往不是难度，是没有一个可落脚的起点。	approved
authored.b043.daily_care.work_finish_line.0001	b043	DailyCare	daily_care	daily_care.b043.work_finish_line	work_finish_line	daily_care.b043.work_finish_line	ambient	any	none	calm	0	120	144	1	1.0	neutral	给当前文件留一句收尾说明，下一次接上会顺很多。	approved
authored.b043.daily_care.work_finish_line.0002	b043	DailyCare	daily_care	daily_care.b043.work_finish_line	work_finish_line	daily_care.b043.work_finish_line	ambient	any	none	calm	0	120	144	1	1.0	neutral	把完成的部分标清，剩下的事情就不会混在一起。	approved
authored.b043.daily_care.work_finish_line.0003	b043	DailyCare	daily_care	daily_care.b043.work_finish_line	work_finish_line	daily_care.b043.work_finish_line	ambient	any	none	calm	0	120	144	1	1.0	neutral	最后检查一次保存位置，收工后的心会更安稳。	approved
authored.b043.daily_care.work_finish_line.0004	b043	DailyCare	daily_care	daily_care.b043.work_finish_line	work_finish_line	daily_care.b043.work_finish_line	ambient	any	none	calm	0	120	144	1	1.0	neutral	关掉试验窗口前，把有价值的结果摘出来。	approved
authored.b043.daily_care.work_finish_line.0005	b043	DailyCare	daily_care	daily_care.b043.work_finish_line	work_finish_line	daily_care.b043.work_finish_line	ambient	any	none	calm	0	120	144	1	1.0	neutral	把桌面恢复到可开始的样子，明天会少一道门槛。	approved
authored.b043.daily_care.work_finish_line.0006	b043	DailyCare	daily_care	daily_care.b043.work_finish_line	work_finish_line	daily_care.b043.work_finish_line	ambient	any	none	calm	0	120	144	1	1.0	neutral	记录一个简短的下一步，离开时就不用反复惦记。	approved
authored.b043.daily_care.work_finish_line.0007	b043	DailyCare	daily_care	daily_care.b043.work_finish_line	work_finish_line	daily_care.b043.work_finish_line	ambient	any	none	calm	0	120	144	1	1.0	neutral	给未完成的段落留个书签，回来时会知道从哪里续。	approved
authored.b043.daily_care.work_finish_line.0008	b043	DailyCare	daily_care	daily_care.b043.work_finish_line	work_finish_line	daily_care.b043.work_finish_line	ambient	any	none	calm	0	120	144	1	1.0	neutral	停止之前先确认没有遗漏的关键资料，之后更容易放松。	approved
authored.b043.daily_care.work_finish_line.0009	b043	DailyCare	daily_care	daily_care.b043.work_finish_line	work_finish_line	daily_care.b043.work_finish_line	ambient	any	none	calm	0	120	144	1	1.0	neutral	把临时笔记归到项目里，结束感会更完整。	approved
authored.b043.daily_care.work_finish_line.0010	b043	DailyCare	daily_care	daily_care.b043.work_finish_line	work_finish_line	daily_care.b043.work_finish_line	ambient	any	none	calm	0	120	144	1	1.0	neutral	下一个动作写在日历或清单上，时间会替它保管。	approved
authored.b043.daily_care.work_finish_line.0011	b043	DailyCare	daily_care	daily_care.b043.work_finish_line	work_finish_line	daily_care.b043.work_finish_line	ambient	any	none	calm	0	120	144	1	1.0	neutral	让最后一次操作变得简单，别在收尾时又开新枝。	approved
authored.b043.daily_care.work_finish_line.0012	b043	DailyCare	daily_care	daily_care.b043.work_finish_line	work_finish_line	daily_care.b043.work_finish_line	ambient	any	none	calm	0	120	144	1	1.0	neutral	结束前看一眼整体，不必钻进最后一处细节。	approved
authored.b043.daily_care.work_finish_line.0013	b043	DailyCare	daily_care	daily_care.b043.work_finish_line	work_finish_line	daily_care.b043.work_finish_line	ambient	any	none	calm	0	120	144	1	1.0	neutral	文件夹合上以后，今天的投入也可以先放在里面。	approved
authored.b043.daily_care.work_finish_line.0014	b043	DailyCare	daily_care	daily_care.b043.work_finish_line	work_finish_line	daily_care.b043.work_finish_line	ambient	any	none	calm	0	120	144	1	1.0	neutral	把零碎材料收好，桌边会替明天留下一片空地。	approved
authored.b043.daily_care.work_finish_line.0015	b043	DailyCare	daily_care	daily_care.b043.work_finish_line	work_finish_line	daily_care.b043.work_finish_line	ambient	any	none	calm	0	120	144	1	1.0	neutral	最后一条消息写得清楚，后续就少一点猜测。	approved
authored.b043.daily_care.work_finish_line.0016	b043	DailyCare	daily_care	daily_care.b043.work_finish_line	work_finish_line	daily_care.b043.work_finish_line	ambient	any	none	calm	0	120	144	1	1.0	neutral	给进展做一个小小标记，努力不会散在记录之外。	approved
authored.b043.daily_care.work_finish_line.0017	b043	DailyCare	daily_care	daily_care.b043.work_finish_line	work_finish_line	daily_care.b043.work_finish_line	ambient	any	none	calm	0	120	144	1	1.0	neutral	先结束再优化，完成本身已经很有分量。	approved
authored.b043.daily_care.work_finish_line.0018	b043	DailyCare	daily_care	daily_care.b043.work_finish_line	work_finish_line	daily_care.b043.work_finish_line	ambient	any	none	calm	0	120	144	1	1.0	neutral	让未解决的问题停在纸上，而不是停在脑内。	approved
authored.b043.daily_care.work_finish_line.0019	b043	DailyCare	daily_care	daily_care.b043.work_finish_line	work_finish_line	daily_care.b043.work_finish_line	ambient	any	none	calm	0	120	144	1	1.0	neutral	整理好电源和接口，离开时的动作会更轻。	approved
authored.b043.daily_care.work_finish_line.0020	b043	DailyCare	daily_care	daily_care.b043.work_finish_line	work_finish_line	daily_care.b043.work_finish_line	ambient	any	none	calm	0	120	144	1	1.0	neutral	把今天学到的一个点写下，积累会变得看得见。	approved
authored.b043.daily_care.work_finish_line.0021	b043	DailyCare	daily_care	daily_care.b043.work_finish_line	work_finish_line	daily_care.b043.work_finish_line	ambient	any	none	calm	0	120	144	1	1.0	neutral	收起备用材料，工作区就能从忙乱回到安静。	approved
authored.b043.daily_care.work_finish_line.0022	b043	DailyCare	daily_care	daily_care.b043.work_finish_line	work_finish_line	daily_care.b043.work_finish_line	ambient	any	none	calm	0	120	144	1	1.0	neutral	关上项目之前，给自己一点确认完成的时间。	approved
authored.b043.daily_care.work_finish_line.0023	b043	DailyCare	daily_care	daily_care.b043.work_finish_line	work_finish_line	daily_care.b043.work_finish_line	ambient	any	none	calm	0	120	144	1	1.0	neutral	把明天的首要事项排到最前，下一次启动会更自然。	approved
authored.b043.daily_care.work_finish_line.0024	b043	DailyCare	daily_care	daily_care.b043.work_finish_line	work_finish_line	daily_care.b043.work_finish_line	ambient	any	none	calm	0	120	144	1	1.0	neutral	对今天的收尾不必苛刻，留住重点就已经不错。	approved
authored.b043.daily_care.work_finish_line.0025	b043	DailyCare	daily_care	daily_care.b043.work_finish_line	work_finish_line	daily_care.b043.work_finish_line	ambient	any	none	calm	0	120	144	1	1.0	neutral	一次清楚的结束，会给下一段开始腾出空间。	approved
authored.b043.daily_care.homekeeping_smallwins.0001	b043	DailyCare	daily_care	daily_care.b043.homekeeping_smallwins	homekeeping_smallwins	daily_care.b043.homekeeping_smallwins	ambient	any	none	gentle	0	120	144	1	1.0	neutral	把洗净的碗晾好，厨房会少一份等待处理的声音。	approved
authored.b043.daily_care.homekeeping_smallwins.0002	b043	DailyCare	daily_care	daily_care.b043.homekeeping_smallwins	homekeeping_smallwins	daily_care.b043.homekeeping_smallwins	ambient	any	none	gentle	0	120	144	1	1.0	neutral	玄关的鞋子排顺，回到门口时会更轻松。	approved
authored.b043.daily_care.homekeeping_smallwins.0003	b043	DailyCare	daily_care	daily_care.b043.homekeeping_smallwins	homekeeping_smallwins	daily_care.b043.homekeeping_smallwins	ambient	any	none	gentle	0	120	144	1	1.0	neutral	把床铺拍平，房间会多一块愿意停下来的地方。	approved
authored.b043.daily_care.homekeeping_smallwins.0004	b043	DailyCare	daily_care	daily_care.b043.homekeeping_smallwins	homekeeping_smallwins	daily_care.b043.homekeeping_smallwins	ambient	any	none	gentle	0	120	144	1	1.0	neutral	洗衣篮不再塞满时，日常的重量也会轻一点。	approved
authored.b043.daily_care.homekeeping_smallwins.0005	b043	DailyCare	daily_care	daily_care.b043.homekeeping_smallwins	homekeeping_smallwins	daily_care.b043.homekeeping_smallwins	ambient	any	none	gentle	0	120	144	1	1.0	neutral	给台面擦掉一圈灰，生活会立刻亮起来。	approved
authored.b043.daily_care.homekeeping_smallwins.0006	b043	DailyCare	daily_care	daily_care.b043.homekeeping_smallwins	homekeeping_smallwins	daily_care.b043.homekeeping_smallwins	ambient	any	none	gentle	0	120	144	1	1.0	neutral	把快递纸袋折好，门边就不会堆出小山。	approved
authored.b043.daily_care.homekeeping_smallwins.0007	b043	DailyCare	daily_care	daily_care.b043.homekeeping_smallwins	homekeeping_smallwins	daily_care.b043.homekeeping_smallwins	ambient	any	none	gentle	0	120	144	1	1.0	neutral	衣服分类收进柜子，明早挑选也会少些慌张。	approved
authored.b043.daily_care.homekeeping_smallwins.0008	b043	DailyCare	daily_care	daily_care.b043.homekeeping_smallwins	homekeeping_smallwins	daily_care.b043.homekeeping_smallwins	ambient	any	none	gentle	0	120	144	1	1.0	neutral	给水壶添满水，下一次口渴不会来得那么突然。	approved
authored.b043.daily_care.homekeeping_smallwins.0009	b043	DailyCare	daily_care	daily_care.b043.homekeeping_smallwins	homekeeping_smallwins	daily_care.b043.homekeeping_smallwins	ambient	any	none	gentle	0	120	144	1	1.0	neutral	把调味料摆回原位，做饭时会更从容。	approved
authored.b043.daily_care.homekeeping_smallwins.0010	b043	DailyCare	daily_care	daily_care.b043.homekeeping_smallwins	homekeeping_smallwins	daily_care.b043.homekeeping_smallwins	ambient	any	none	gentle	0	120	144	1	1.0	neutral	洗手台上的瓶瓶罐罐排整齐，早晚都会舒服些。	approved
authored.b043.daily_care.homekeeping_smallwins.0011	b043	DailyCare	daily_care	daily_care.b043.homekeeping_smallwins	homekeeping_smallwins	daily_care.b043.homekeeping_smallwins	ambient	any	none	gentle	0	120	144	1	1.0	neutral	把垃圾袋换新，房间里的气味会更清爽。	approved
authored.b043.daily_care.homekeeping_smallwins.0012	b043	DailyCare	daily_care	daily_care.b043.homekeeping_smallwins	homekeeping_smallwins	daily_care.b043.homekeeping_smallwins	ambient	any	none	gentle	0	120	144	1	1.0	neutral	擦干厨房水槽，湿漉漉的感觉会少很多。	approved
authored.b043.daily_care.homekeeping_smallwins.0013	b043	DailyCare	daily_care	daily_care.b043.homekeeping_smallwins	homekeeping_smallwins	daily_care.b043.homekeeping_smallwins	ambient	any	none	gentle	0	120	144	1	1.0	neutral	把干净衣物叠成小摞，日子也会有一点被照顾的样子。	approved
authored.b043.daily_care.homekeeping_smallwins.0014	b043	DailyCare	daily_care	daily_care.b043.homekeeping_smallwins	homekeeping_smallwins	daily_care.b043.homekeeping_smallwins	ambient	any	none	gentle	0	120	144	1	1.0	neutral	替浴室换一块干爽脚垫，回家后的步子会更踏实。	approved
authored.b043.daily_care.homekeeping_smallwins.0015	b043	DailyCare	daily_care	daily_care.b043.homekeeping_smallwins	homekeeping_smallwins	daily_care.b043.homekeeping_smallwins	ambient	any	none	gentle	0	120	144	1	1.0	neutral	把纸巾补到常用位置，琐碎时刻会少一点找寻。	approved
authored.b043.daily_care.homekeeping_smallwins.0016	b043	DailyCare	daily_care	daily_care.b043.homekeeping_smallwins	homekeeping_smallwins	daily_care.b043.homekeeping_smallwins	ambient	any	none	gentle	0	120	144	1	1.0	neutral	给窗边的植物擦擦叶子，绿色会显得更精神。	approved
authored.b043.daily_care.homekeeping_smallwins.0017	b043	DailyCare	daily_care	daily_care.b043.homekeeping_smallwins	homekeeping_smallwins	daily_care.b043.homekeeping_smallwins	ambient	any	none	gentle	0	120	144	1	1.0	neutral	把常用充电器绕好，夜里找线时就不必翻箱倒柜。	approved
authored.b043.daily_care.homekeeping_smallwins.0018	b043	DailyCare	daily_care	daily_care.b043.homekeeping_smallwins	homekeeping_smallwins	daily_care.b043.homekeeping_smallwins	ambient	any	none	gentle	0	120	144	1	1.0	neutral	清洗一只饭盒，明天的午间会多一份准备。	approved
authored.b043.daily_care.homekeeping_smallwins.0019	b043	DailyCare	daily_care	daily_care.b043.homekeeping_smallwins	homekeeping_smallwins	daily_care.b043.homekeeping_smallwins	ambient	any	none	gentle	0	120	144	1	1.0	neutral	把小票塞进收纳夹，钱包里也会少些拥挤。	approved
authored.b043.daily_care.homekeeping_smallwins.0020	b043	DailyCare	daily_care	daily_care.b043.homekeeping_smallwins	homekeeping_smallwins	daily_care.b043.homekeeping_smallwins	ambient	any	none	gentle	0	120	144	1	1.0	neutral	打开窗户通一会儿风，住处会更像真正的歇脚地。	approved
authored.b043.daily_care.homekeeping_smallwins.0021	b043	DailyCare	daily_care	daily_care.b043.homekeeping_smallwins	homekeeping_smallwins	daily_care.b043.homekeeping_smallwins	ambient	any	none	gentle	0	120	144	1	1.0	neutral	把遥控器放回固定处，沙发边会少一场搜索。	approved
authored.b043.daily_care.homekeeping_smallwins.0022	b043	DailyCare	daily_care	daily_care.b043.homekeeping_smallwins	homekeeping_smallwins	daily_care.b043.homekeeping_smallwins	ambient	any	none	gentle	0	120	144	1	1.0	neutral	将清洁用品放成一列，下一次动手不会先被杂乱劝退。	approved
authored.b043.daily_care.homekeeping_smallwins.0023	b043	DailyCare	daily_care	daily_care.b043.homekeeping_smallwins	homekeeping_smallwins	daily_care.b043.homekeeping_smallwins	ambient	any	none	gentle	0	120	144	1	1.0	neutral	给冰箱外层擦一擦，厨房的光线会更干净。	approved
authored.b043.daily_care.homekeeping_smallwins.0024	b043	DailyCare	daily_care	daily_care.b043.homekeeping_smallwins	homekeeping_smallwins	daily_care.b043.homekeeping_smallwins	ambient	any	none	gentle	0	120	144	1	1.0	neutral	整理一张毯子，坐下来的时候会更自在。	approved
authored.b043.daily_care.homekeeping_smallwins.0025	b043	DailyCare	daily_care	daily_care.b043.homekeeping_smallwins	homekeeping_smallwins	daily_care.b043.homekeeping_smallwins	ambient	any	none	gentle	0	120	144	1	1.0	neutral	小事逐件归位，生活就不会总从缝隙里漏出去。	approved
authored.b043.daily_care.outside_reset_walk.0001	b043	DailyCare	daily_care	daily_care.b043.outside_reset_walk	outside_reset_walk	daily_care.b043.outside_reset_walk	ambient	any	none	gentle	0	120	144	1	1.0	neutral	下楼走一小段，不必设目的地，身体会先醒过来。	approved
authored.b043.daily_care.outside_reset_walk.0002	b043	DailyCare	daily_care	daily_care.b043.outside_reset_walk	outside_reset_walk	daily_care.b043.outside_reset_walk	ambient	any	none	gentle	0	120	144	1	1.0	neutral	路边树叶晃动时，脑子里的紧线也会松一点。	approved
authored.b043.daily_care.outside_reset_walk.0003	b043	DailyCare	daily_care	daily_care.b043.outside_reset_walk	outside_reset_walk	daily_care.b043.outside_reset_walk	ambient	any	none	gentle	0	120	144	1	1.0	neutral	经过便利店的灯光，日常会把人从任务里带出来。	approved
authored.b043.daily_care.outside_reset_walk.0004	b043	DailyCare	daily_care	daily_care.b043.outside_reset_walk	outside_reset_walk	daily_care.b043.outside_reset_walk	ambient	any	none	gentle	0	120	144	1	1.0	neutral	在路口等一会儿，不急着填满这段空档。	approved
authored.b043.daily_care.outside_reset_walk.0005	b043	DailyCare	daily_care	daily_care.b043.outside_reset_walk	outside_reset_walk	daily_care.b043.outside_reset_walk	ambient	any	none	gentle	0	120	144	1	1.0	neutral	晚风从衣角穿过，白天的闷感会慢慢退开。	approved
authored.b043.daily_care.outside_reset_walk.0006	b043	DailyCare	daily_care	daily_care.b043.outside_reset_walk	outside_reset_walk	daily_care.b043.outside_reset_walk	ambient	any	none	gentle	0	120	144	1	1.0	neutral	走到阳光能照到的地方，脸上的紧绷会淡一些。	approved
authored.b043.daily_care.outside_reset_walk.0007	b043	DailyCare	daily_care	daily_care.b043.outside_reset_walk	outside_reset_walk	daily_care.b043.outside_reset_walk	ambient	any	none	gentle	0	120	144	1	1.0	neutral	让脚步踩出自己的速度，不把散步也变成考核。	approved
authored.b043.daily_care.outside_reset_walk.0008	b043	DailyCare	daily_care	daily_care.b043.outside_reset_walk	outside_reset_walk	daily_care.b043.outside_reset_walk	ambient	any	none	gentle	0	120	144	1	1.0	neutral	看看远处屋顶和树梢，视野会比屏幕宽很多。	approved
authored.b043.daily_care.outside_reset_walk.0009	b043	DailyCare	daily_care	daily_care.b043.outside_reset_walk	outside_reset_walk	daily_care.b043.outside_reset_walk	ambient	any	none	gentle	0	120	144	1	1.0	neutral	经过一段安静小路，思绪不必一直保持警觉。	approved
authored.b043.daily_care.outside_reset_walk.0010	b043	DailyCare	daily_care	daily_care.b043.outside_reset_walk	outside_reset_walk	daily_care.b043.outside_reset_walk	ambient	any	none	gentle	0	120	144	1	1.0	neutral	把手机留在口袋里几分钟，路面会显得更有细节。	approved
authored.b043.daily_care.outside_reset_walk.0011	b043	DailyCare	daily_care	daily_care.b043.outside_reset_walk	outside_reset_walk	daily_care.b043.outside_reset_walk	ambient	any	none	gentle	0	120	144	1	1.0	neutral	沿着街边慢走，身体会给一天划出一条分界。	approved
authored.b043.daily_care.outside_reset_walk.0012	b043	DailyCare	daily_care	daily_care.b043.outside_reset_walk	outside_reset_walk	daily_care.b043.outside_reset_walk	ambient	any	none	gentle	0	120	144	1	1.0	neutral	闻到雨后或树影的气味，呼吸会自然放深。	approved
authored.b043.daily_care.outside_reset_walk.0013	b043	DailyCare	daily_care	daily_care.b043.outside_reset_walk	outside_reset_walk	daily_care.b043.outside_reset_walk	ambient	any	none	gentle	0	120	144	1	1.0	neutral	走到楼下绕一圈，回去时房间会显得更新鲜。	approved
authored.b043.daily_care.outside_reset_walk.0014	b043	DailyCare	daily_care	daily_care.b043.outside_reset_walk	outside_reset_walk	daily_care.b043.outside_reset_walk	ambient	any	none	gentle	0	120	144	1	1.0	neutral	偶尔抬头看天色，很多焦虑会缩小到合适尺寸。	approved
authored.b043.daily_care.outside_reset_walk.0015	b043	DailyCare	daily_care	daily_care.b043.outside_reset_walk	outside_reset_walk	daily_care.b043.outside_reset_walk	ambient	any	none	gentle	0	120	144	1	1.0	neutral	给腿部一点活动的机会，久坐的沉感会慢慢离场。	approved
authored.b043.daily_care.outside_reset_walk.0016	b043	DailyCare	daily_care	daily_care.b043.outside_reset_walk	outside_reset_walk	daily_care.b043.outside_reset_walk	ambient	any	none	gentle	0	120	144	1	1.0	neutral	路边小花不需要解释，看看就已经很够了。	approved
authored.b043.daily_care.outside_reset_walk.0017	b043	DailyCare	daily_care	daily_care.b043.outside_reset_walk	outside_reset_walk	daily_care.b043.outside_reset_walk	ambient	any	none	gentle	0	120	144	1	1.0	neutral	站在有风的地方停一下，声音会从脑内退到远处。	approved
authored.b043.daily_care.outside_reset_walk.0018	b043	DailyCare	daily_care	daily_care.b043.outside_reset_walk	outside_reset_walk	daily_care.b043.outside_reset_walk	ambient	any	none	gentle	0	120	144	1	1.0	neutral	沿着熟悉街道走，重复的路线也能带来安定。	approved
authored.b043.daily_care.outside_reset_walk.0019	b043	DailyCare	daily_care	daily_care.b043.outside_reset_walk	outside_reset_walk	daily_care.b043.outside_reset_walk	ambient	any	none	gentle	0	120	144	1	1.0	neutral	让肩背跟着步子摆动，白天的姿势会慢慢散掉。	approved
authored.b043.daily_care.outside_reset_walk.0020	b043	DailyCare	daily_care	daily_care.b043.outside_reset_walk	outside_reset_walk	daily_care.b043.outside_reset_walk	ambient	any	none	gentle	0	120	144	1	1.0	neutral	遇到阳光和阴影交界的地方，脚步也可以换个节奏。	approved
authored.b043.daily_care.outside_reset_walk.0021	b043	DailyCare	daily_care	daily_care.b043.outside_reset_walk	outside_reset_walk	daily_care.b043.outside_reset_walk	ambient	any	none	gentle	0	120	144	1	1.0	neutral	经过菜摊或面包店，生活气会把心绪拉回地面。	approved
authored.b043.daily_care.outside_reset_walk.0022	b043	DailyCare	daily_care	daily_care.b043.outside_reset_walk	outside_reset_walk	daily_care.b043.outside_reset_walk	ambient	any	none	gentle	0	120	144	1	1.0	neutral	走出几百步以后，再决定是否回去继续做事。	approved
authored.b043.daily_care.outside_reset_walk.0023	b043	DailyCare	daily_care	daily_care.b043.outside_reset_walk	outside_reset_walk	daily_care.b043.outside_reset_walk	ambient	any	none	gentle	0	120	144	1	1.0	neutral	户外的空气不解决问题，却能让问题不那么挤。	approved
authored.b043.daily_care.outside_reset_walk.0024	b043	DailyCare	daily_care	daily_care.b043.outside_reset_walk	outside_reset_walk	daily_care.b043.outside_reset_walk	ambient	any	none	gentle	0	120	144	1	1.0	neutral	把目光交给远处的路，脑中的窗口会少开几扇。	approved
authored.b043.daily_care.outside_reset_walk.0025	b043	DailyCare	daily_care	daily_care.b043.outside_reset_walk	outside_reset_walk	daily_care.b043.outside_reset_walk	ambient	any	none	gentle	0	120	144	1	1.0	neutral	回到门前时，脚步已经替人整理好不少思绪。	approved
authored.b043.daily_care.evening_unload.0001	b043	DailyCare	daily_care	daily_care.b043.evening_unload	evening_unload	daily_care.b043.evening_unload	ambient	any	none	gentle	0	120	144	1	1.0	neutral	晚上先把工作包放到一旁，房间会慢慢接住安静。	approved
authored.b043.daily_care.evening_unload.0002	b043	DailyCare	daily_care	daily_care.b043.evening_unload	evening_unload	daily_care.b043.evening_unload	ambient	any	none	gentle	0	120	144	1	1.0	neutral	换下白天的衣物，身体会知道节奏已经不同。	approved
authored.b043.daily_care.evening_unload.0003	b043	DailyCare	daily_care	daily_care.b043.evening_unload	evening_unload	daily_care.b043.evening_unload	ambient	any	none	gentle	0	120	144	1	1.0	neutral	洗把脸以后，思绪像被清水冲开一层。	approved
authored.b043.daily_care.evening_unload.0004	b043	DailyCare	daily_care	daily_care.b043.evening_unload	evening_unload	daily_care.b043.evening_unload	ambient	any	none	gentle	0	120	144	1	1.0	neutral	做一顿简单晚餐，烟火气会替人收住漂浮感。	approved
authored.b043.daily_care.evening_unload.0005	b043	DailyCare	daily_care	daily_care.b043.evening_unload	evening_unload	daily_care.b043.evening_unload	ambient	any	none	gentle	0	120	144	1	1.0	neutral	把灯调成暖色，客厅会多一点停靠的意味。	approved
authored.b043.daily_care.evening_unload.0006	b043	DailyCare	daily_care	daily_care.b043.evening_unload	evening_unload	daily_care.b043.evening_unload	ambient	any	none	gentle	0	120	144	1	1.0	neutral	给沙发留出空位，坐下来时会更容易松口气。	approved
authored.b043.daily_care.evening_unload.0007	b043	DailyCare	daily_care	daily_care.b043.evening_unload	evening_unload	daily_care.b043.evening_unload	ambient	any	none	gentle	0	120	144	1	1.0	neutral	晚饭后的几分钟不用安排，让日子自己走一会儿。	approved
authored.b043.daily_care.evening_unload.0008	b043	DailyCare	daily_care	daily_care.b043.evening_unload	evening_unload	daily_care.b043.evening_unload	ambient	any	none	gentle	0	120	144	1	1.0	neutral	摘下耳机以后，房间里原本的声音也很值得听。	approved
authored.b043.daily_care.evening_unload.0009	b043	DailyCare	daily_care	daily_care.b043.evening_unload	evening_unload	daily_care.b043.evening_unload	ambient	any	none	gentle	0	120	144	1	1.0	neutral	把未读内容先放在一旁，夜色不必承担全部回应。	approved
authored.b043.daily_care.evening_unload.0010	b043	DailyCare	daily_care	daily_care.b043.evening_unload	evening_unload	daily_care.b043.evening_unload	ambient	any	none	gentle	0	120	144	1	1.0	neutral	简单冲个热水澡，白天的边角会慢慢变软。	approved
authored.b043.daily_care.evening_unload.0011	b043	DailyCare	daily_care	daily_care.b043.evening_unload	evening_unload	daily_care.b043.evening_unload	ambient	any	none	gentle	0	120	144	1	1.0	neutral	把明天要用的东西放好，剩下的时间就能更自在。	approved
authored.b043.daily_care.evening_unload.0012	b043	DailyCare	daily_care	daily_care.b043.evening_unload	evening_unload	daily_care.b043.evening_unload	ambient	any	none	gentle	0	120	144	1	1.0	neutral	让一部轻松的短片陪一会儿，别把夜晚也填成项目。	approved
authored.b043.daily_care.evening_unload.0013	b043	DailyCare	daily_care	daily_care.b043.evening_unload	evening_unload	daily_care.b043.evening_unload	ambient	any	none	gentle	0	120	144	1	1.0	neutral	给自己倒一杯温饮，手心暖起来以后话也会少一点急。	approved
authored.b043.daily_care.evening_unload.0014	b043	DailyCare	daily_care	daily_care.b043.evening_unload	evening_unload	daily_care.b043.evening_unload	ambient	any	none	gentle	0	120	144	1	1.0	neutral	收起桌上的工作物件，居住空间会重新显出来。	approved
authored.b043.daily_care.evening_unload.0015	b043	DailyCare	daily_care	daily_care.b043.evening_unload	evening_unload	daily_care.b043.evening_unload	ambient	any	none	gentle	0	120	144	1	1.0	neutral	在窗边站一会儿，城市的灯会替思绪拉开距离。	approved
authored.b043.daily_care.evening_unload.0016	b043	DailyCare	daily_care	daily_care.b043.evening_unload	evening_unload	daily_care.b043.evening_unload	ambient	any	none	gentle	0	120	144	1	1.0	neutral	把今日的琐事写成两行，脑子不必整晚记账。	approved
authored.b043.daily_care.evening_unload.0017	b043	DailyCare	daily_care	daily_care.b043.evening_unload	evening_unload	daily_care.b043.evening_unload	ambient	any	none	gentle	0	120	144	1	1.0	neutral	听一首熟悉的歌，情绪会找到比较软的落点。	approved
authored.b043.daily_care.evening_unload.0018	b043	DailyCare	daily_care	daily_care.b043.evening_unload	evening_unload	daily_care.b043.evening_unload	ambient	any	none	gentle	0	120	144	1	1.0	neutral	关掉过亮的屏幕，夜晚就不再像另一个白天。	approved
authored.b043.daily_care.evening_unload.0019	b043	DailyCare	daily_care	daily_care.b043.evening_unload	evening_unload	daily_care.b043.evening_unload	ambient	any	none	gentle	0	120	144	1	1.0	neutral	把脚搭在软垫上，身体会先替心情放松。	approved
authored.b043.daily_care.evening_unload.0020	b043	DailyCare	daily_care	daily_care.b043.evening_unload	evening_unload	daily_care.b043.evening_unload	ambient	any	none	gentle	0	120	144	1	1.0	neutral	做一点不求结果的小事，生活会恢复自己的纹理。	approved
authored.b043.daily_care.evening_unload.0021	b043	DailyCare	daily_care	daily_care.b043.evening_unload	evening_unload	daily_care.b043.evening_unload	ambient	any	none	gentle	0	120	144	1	1.0	neutral	房间收拾到顺眼的程度，就已经足够迎接夜晚。	approved
authored.b043.daily_care.evening_unload.0022	b043	DailyCare	daily_care	daily_care.b043.evening_unload	evening_unload	daily_care.b043.evening_unload	ambient	any	none	gentle	0	120	144	1	1.0	neutral	让谈话或消息停在恰好的位置，别把每句话都延长。	approved
authored.b043.daily_care.evening_unload.0023	b043	DailyCare	daily_care	daily_care.b043.evening_unload	evening_unload	daily_care.b043.evening_unload	ambient	any	none	gentle	0	120	144	1	1.0	neutral	晚风轻一点的时候，打开窗缝会很舒服。	approved
authored.b043.daily_care.evening_unload.0024	b043	DailyCare	daily_care	daily_care.b043.evening_unload	evening_unload	daily_care.b043.evening_unload	ambient	any	none	gentle	0	120	144	1	1.0	neutral	白天的安排先放下，夜里的空白也有用处。	approved
authored.b043.daily_care.evening_unload.0025	b043	DailyCare	daily_care	daily_care.b043.evening_unload	evening_unload	daily_care.b043.evening_unload	ambient	any	none	gentle	0	120	144	1	1.0	neutral	一段慢下来的时间，能让整天重新回到身上。	approved
authored.b043.daily_care.rest_preparation.0001	b043	DailyCare	daily_care	daily_care.b043.rest_preparation	rest_preparation	daily_care.b043.rest_preparation	ambient	any	none	calm	0	120	144	1	1.0	neutral	睡前把水杯放到容易够到的地方，夜里会更省心。	approved
authored.b043.daily_care.rest_preparation.0002	b043	DailyCare	daily_care	daily_care.b043.rest_preparation	rest_preparation	daily_care.b043.rest_preparation	ambient	any	none	calm	0	120	144	1	1.0	neutral	把主灯关掉后，剩下的柔光很适合让眼睛休息。	approved
authored.b043.daily_care.rest_preparation.0003	b043	DailyCare	daily_care	daily_care.b043.rest_preparation	rest_preparation	daily_care.b043.rest_preparation	ambient	any	none	calm	0	120	144	1	1.0	neutral	用温水洗漱，身体会收到准备停靠的信号。	approved
authored.b043.daily_care.rest_preparation.0004	b043	DailyCare	daily_care	daily_care.b043.rest_preparation	rest_preparation	daily_care.b043.rest_preparation	ambient	any	none	calm	0	120	144	1	1.0	neutral	让被角平整一些，躺下时会多一点踏实。	approved
authored.b043.daily_care.rest_preparation.0005	b043	DailyCare	daily_care	daily_care.b043.rest_preparation	rest_preparation	daily_care.b043.rest_preparation	ambient	any	none	calm	0	120	144	1	1.0	neutral	把第二天的第一件事写在纸上，夜里就不用反复想。	approved
authored.b043.daily_care.rest_preparation.0006	b043	DailyCare	daily_care	daily_care.b043.rest_preparation	rest_preparation	daily_care.b043.rest_preparation	ambient	any	none	calm	0	120	144	1	1.0	neutral	手机离枕头远一点，梦境会少被亮光打断。	approved
authored.b043.daily_care.rest_preparation.0007	b043	DailyCare	daily_care	daily_care.b043.rest_preparation	rest_preparation	daily_care.b043.rest_preparation	ambient	any	none	calm	0	120	144	1	1.0	neutral	收起散落的电线，床边会更像专门用来休息的地方。	approved
authored.b043.daily_care.rest_preparation.0008	b043	DailyCare	daily_care	daily_care.b043.rest_preparation	rest_preparation	daily_care.b043.rest_preparation	ambient	any	none	calm	0	120	144	1	1.0	neutral	睡前读一点轻松内容，脑子会从白天的速度里降下来。	approved
authored.b043.daily_care.rest_preparation.0009	b043	DailyCare	daily_care	daily_care.b043.rest_preparation	rest_preparation	daily_care.b043.rest_preparation	ambient	any	none	calm	0	120	144	1	1.0	neutral	把窗帘拉好，外面的灯影就不必一直进来。	approved
authored.b043.daily_care.rest_preparation.0010	b043	DailyCare	daily_care	daily_care.b043.rest_preparation	rest_preparation	daily_care.b043.rest_preparation	ambient	any	none	calm	0	120	144	1	1.0	neutral	给房间留一点新鲜空气，夜里的呼吸会更舒服。	approved
authored.b043.daily_care.rest_preparation.0011	b043	DailyCare	daily_care	daily_care.b043.rest_preparation	rest_preparation	daily_care.b043.rest_preparation	ambient	any	none	calm	0	120	144	1	1.0	neutral	换上干净睡衣，白天的角色也可以先退场。	approved
authored.b043.daily_care.rest_preparation.0012	b043	DailyCare	daily_care	daily_care.b043.rest_preparation	rest_preparation	daily_care.b043.rest_preparation	ambient	any	none	calm	0	120	144	1	1.0	neutral	把闹钟设好以后，明早不必在夜里提前担心。	approved
authored.b043.daily_care.rest_preparation.0013	b043	DailyCare	daily_care	daily_care.b043.rest_preparation	rest_preparation	daily_care.b043.rest_preparation	ambient	any	none	calm	0	120	144	1	1.0	neutral	让最后的背景声安静下来，耳朵会更容易放松。	approved
authored.b043.daily_care.rest_preparation.0014	b043	DailyCare	daily_care	daily_care.b043.rest_preparation	rest_preparation	daily_care.b043.rest_preparation	ambient	any	none	calm	0	120	144	1	1.0	neutral	枕头拍松一点，头颈会找到合适的位置。	approved
authored.b043.daily_care.rest_preparation.0015	b043	DailyCare	daily_care	daily_care.b043.rest_preparation	rest_preparation	daily_care.b043.rest_preparation	ambient	any	none	calm	0	120	144	1	1.0	neutral	关掉桌边的工作设备，休息才有清楚的边界。	approved
authored.b043.daily_care.rest_preparation.0016	b043	DailyCare	daily_care	daily_care.b043.rest_preparation	rest_preparation	daily_care.b043.rest_preparation	ambient	any	none	calm	0	120	144	1	1.0	neutral	把明天的衣物摆好，起床后的动作会少些犹豫。	approved
authored.b043.daily_care.rest_preparation.0017	b043	DailyCare	daily_care	daily_care.b043.rest_preparation	rest_preparation	daily_care.b043.rest_preparation	ambient	any	none	calm	0	120	144	1	1.0	neutral	夜里不必处理所有问题，睡眠本身也在整理答案。	approved
authored.b043.daily_care.rest_preparation.0018	b043	DailyCare	daily_care	daily_care.b043.rest_preparation	rest_preparation	daily_care.b043.rest_preparation	ambient	any	none	calm	0	120	144	1	1.0	neutral	让房间保持微凉，盖被时会更有安全感。	approved
authored.b043.daily_care.rest_preparation.0019	b043	DailyCare	daily_care	daily_care.b043.rest_preparation	rest_preparation	daily_care.b043.rest_preparation	ambient	any	none	calm	0	120	144	1	1.0	neutral	把书签夹在刚好的地方，故事可以明天再续。	approved
authored.b043.daily_care.rest_preparation.0020	b043	DailyCare	daily_care	daily_care.b043.rest_preparation	rest_preparation	daily_care.b043.rest_preparation	ambient	any	none	calm	0	120	144	1	1.0	neutral	一阵轻轻的拉伸，能让身体从座椅记忆里离开。	approved
authored.b043.daily_care.rest_preparation.0021	b043	DailyCare	daily_care	daily_care.b043.rest_preparation	rest_preparation	daily_care.b043.rest_preparation	ambient	any	none	calm	0	120	144	1	1.0	neutral	关上最后一扇屏幕，眼底会慢慢恢复平静。	approved
authored.b043.daily_care.rest_preparation.0022	b043	DailyCare	daily_care	daily_care.b043.rest_preparation	rest_preparation	daily_care.b043.rest_preparation	ambient	any	none	calm	0	120	144	1	1.0	neutral	洗好的杯子倒扣着，明天醒来会多一点清爽。	approved
authored.b043.daily_care.rest_preparation.0023	b043	DailyCare	daily_care	daily_care.b043.rest_preparation	rest_preparation	daily_care.b043.rest_preparation	ambient	any	none	calm	0	120	144	1	1.0	neutral	把手放在被子外面一会儿，呼吸会自然变慢。	approved
authored.b043.daily_care.rest_preparation.0024	b043	DailyCare	daily_care	daily_care.b043.rest_preparation	rest_preparation	daily_care.b043.rest_preparation	ambient	any	none	calm	0	120	144	1	1.0	neutral	暖光从角落里亮着，房间会显得更宽松。	approved
authored.b043.daily_care.rest_preparation.0025	b043	DailyCare	daily_care	daily_care.b043.rest_preparation	rest_preparation	daily_care.b043.rest_preparation	ambient	any	none	calm	0	120	144	1	1.0	neutral	睡意到来之前，什么都不做也很合理。	approved
